Workbook

Sheet concept
A1: concept_id | B1: retired | C1: retired_by | D1: datatype_id | E1: class_id | F1: is_set | G1: creator | H1: date_created | I1: changed_by | J1: date_changed | K1: uuid
A2: 1 | B2: 0 | D2: 4 | E2: 11 | F2: 0 | G2: 1 | H2: 38358 | I2: 1 | J2: 41466.191 | K2: 31b2810e-0370-102d-b0e3-001ec94a0cc1
A3: 2 | B3: 0 | D3: 4 | E3: 11 | F3: 0 | G3: 1 | H3: 38908.645 | I3: 1 | J3: 44811.154 | K3: 31b4a16e-0370-102d-b0e3-001ec94a0cc1
A4: 3 | B4: 0 | D4: 4 | E4: 16 | F4: 0 | G4: 1 | H4: 39389.421 | I4: 1 | J4: 42986.008 | K4: 31bd79ec-0370-102d-b0e3-001ec94a0cc1
A5: 4 | B5: 0 | D5: 4 | E5: 17 | F5: 0 | G5: 1 | H5: 39657.614 | I5: 1 | J5: 41466.191 | K5: 31c2c5fa-0370-102d-b0e3-001ec94a0cc1
A6: 5 | B6: 0 | D6: 4 | E6: 11 | F6: 0 | G6: 1 | H6: 38364 | I6: 1 | J6: 42552.541 | K6: 31b2a94a-0370-102d-b0e3-001ec94a0cc1
A7: 6 | B7: 0 | D7: 4 | E7: 18 | F7: 0 | G7: 1 | H7: 39657.612 | I7: 1 | J7: 41466.191 | K7: 31c1d492-0370-102d-b0e3-001ec94a0cc1
A8: 7 | B8: 0 | D8: 4 | E8: 18 | F8: 0 | G8: 1 | H8: 39657.613 | I8: 1 | J8: 41466.191 | K8: 31c1d564-0370-102d-b0e3-001ec94a0cc1
A9: 8 | B9: 0 | D9: 4 | E9: 18 | F9: 0 | G9: 1 | H9: 39657.613 | I9: 1 | J9: 41466.191 | K9: 31c1d640-0370-102d-b0e3-001ec94a0cc1
A10: 9 | B10: 0 | D10: 4 | E10: 11 | F10: 0 | G10: 1 | H10: 38981.509 | I10: 1 | J10: 41300.442 | K10: 31b66f1c-0370-102d-b0e3-001ec94a0cc1
A11: 10 | B11: 0 | D11: 4 | E11: 11 | F11: 0 | G11: 1 | H11: 38358 | I11: 1 | J11: 42988.661 | K11: 31b2803c-0370-102d-b0e3-001ec94a0cc1
A12: 11 | B12: 0 | D12: 4 | E12: 11 | F12: 0 | G12: 1 | H12: 38358 | I12: 1 | J12: 42982.696 | K12: 31b27f6a-0370-102d-b0e3-001ec94a0cc1
A13: 12 | B13: 0 | D13: 2 | E13: 5 | F13: 0 | G13: 1 | H13: 39625.66 | I13: 1 | J13: 41466.191 | K13: 31c095fa-0370-102d-b0e3-001ec94a0cc1
... A24: 23 | B24: 0 | D24: 4 | E24: 18 | F24: 0 | G24: 1 | H24: 39017.488 | I24: 1 | J24: 44811.156 | K24: 31b6b986-0370-102d-b0e3-001ec94a0cc1
A25: 24 | B25: 1 | C25: 1 | D25: 4 | E25: 18 | F25: 0 | G25: 1 | H25: 39657.615 | I25: 1 | J25: 42530.533 | K25: 31c2c6ea-0370-102d-b0e3-001ec94a0cc1
A26: 25 | B26: 0 | D26: 4 | E26: 18 | F26: 0 | G26: 1 | H26: 39017.486 | I26: 1 | J26: 42530.508 | K26: 31b6b7d8-0370-102d-b0e3-001ec94a0cc1
A27: 26 | B27: 0 | D27: 4 | E27: 18 | F27: 0 | G27: 1 | H27: 39017.489 | I27: 1 | J27: 42530.484 | K27: 31b6bb34-0370-102d-b0e3-001ec94a0cc1
A28: 27 | B28: 0 | D28: 4 | E28: 5 | F28: 0 | G28: 1 | H28: 38111 | I28: 1 | J28: 44811.157 | K28: 31b0e4ac-0370-102d-b0e3-001ec94a0cc1
A29: 28 | B29: 0 | D29: 4 | E29: 18 | F29: 0 | G29: 1 | H29: 38987.919 | I29: 1 | J29: 44811.157 | K29: 31b69906-0370-102d-b0e3-001ec94a0cc1
A30: 29 | B30: 0 | D30: 4 | E30: 18 | F30: 0 | G30: 1 | H30: 38211 | I30: 1 | J30: 42627.721 | K30: 31c7bbdc-0370-102d-b0e3-001ec94a0cc1
A31: 30 | B31: 0 | D31: 2 | E31: 17 | F31: 1 | G31: 1 | H31: 39657.616 | I31: 1 | J31: 44812.097 | K31: 31c2c834-0370-102d-b0e3-001ec94a0cc1
A32: 31 | B32: 1 | C32: 1 | D32: 4 | E32: 18 | F32: 0 | G32: 1 | H32: 40770.472 | I32: 1 | J32: 41466.191 | K32: 8d86d020-56b2-4b21-9612-38ef59eebafe
A33: 32 | B33: 0 | D33: 4 | E33: 11 | F33: 0 | G33: 1 | H33: 39657.631 | I33: 1 | J33: 41466.191 | K33: 31c2d4be-0370-102d-b0e3-001ec94a0cc1
A34: 33 | B34: 0 | D34: 4 | E34: 11 | F34: 0 | G34: 1 | H34: 39657.631 | I34: 1 | J34: 41466.191 | K34: 31c2d3ec-0370-102d-b0e3-001ec94a0cc1
A35: 34 | B35: 0 | D35: 2 | E35: 11 | F35: 0 | G35: 1 | H35: 39657.632 | I35: 1 | J35: 44812.1 | K35: 31c2d590-0370-102d-b0e3-001ec94a0cc1
A36: 35 | B36: 0 | D36: 4 | E36: 17 | F36: 0 | G36: 1 | H36: 39657.612 | I36: 1 | J36: 41466.191 | K36: 31c1d3c0-0370-102d-b0e3-001ec94a0cc1
A37: 36 | B37: 0 | D37: 4 | E37: 18 | F37: 0 | G37: 1 | H37: 39657.61 | I37: 1 | J37: 41466.191 | K37: 31c1d212-0370-102d-b0e3-001ec94a0cc1
A38: 37 | B38: 0 | D38: 4 | E38: 18 | F38: 0 | G38: 1 | H38: 39657.611 | I38: 1 | J38: 41466.191 | K38: 31c1d2e4-0370-102d-b0e3-001ec94a0cc1
A39: 38 | B39: 0 | D39: 4 | E39: 18 | F39: 0 | G39: 1 | H39: 39657.61 | I39: 1 | J39: 41466.191 | K39: 31c1d140-0370-102d-b0e3-001ec94a0cc1
A40: 39 | B40: 0 | D40: 4 | E40: 4 | F40: 0 | G40: 1 | H40: 37987 | I40: 1 | J40: 41466.191 | K40: 31acf054-0370-102d-b0e3-001ec94a0cc1
A41: 40 | B41: 0 | D41: 4 | E41: 3 | F41: 0 | G41: 1 | H41: 38971.657 | I41: 1 | J41: 41300.442 | K41: 31b64c6c-0370-102d-b0e3-001ec94a0cc1
A42: 41 | B42: 0 | D42: 4 | E42: 3 | F42: 0 | G42: 1 | H42: 38211 | I42: 1 | J42: 42611.033 | K42: 31caeaa0-0370-102d-b0e3-001ec94a0cc1
A43: 42 | B43: 0 | D43: 4 | E43: 3 | F43: 0 | G43: 1 | H43: 38909.427 | I43: 1 | J43: 44811.157 | K43: 31b4a740-0370-102d-b0e3-001ec94a0cc1
A44: 43 | B44: 0 | D44: 1 | E44: 11 | F44: 0 | G44: 1 | H44: 39555.534 | I44: 1 | J44: 41300.442 | K44: 31bf136a-0370-102d-b0e3-001ec94a0cc1
... A254: 253 | B254: 0 | D254: 3 | E254: 7 | F254: 0 | G254: 1 | H254: 41204.601 | I254: 1 | J254: 41248.467 | K254: b63284f8-751d-45b6-b841-a196d6820db0
A255: 254 | B255: 0 | D255: 4 | E255: 10 | F255: 1 | G255: 1 | H255: 41204.601 | K255: e67f950d-172f-400c-a767-e751272183a6
A256: 255 | B256: 0 | D256: 2 | E256: 7 | F256: 0 | G256: 1 | H256: 41204.602 | I256: 1 | J256: 42589.947 | K256: ddf6e09c-f018-4048-a69f-436ff22308b5
A257: 256 | B257: 0 | D257: 4 | E257: 8 | F257: 1 | G257: 1 | H257: 41204.602 | I257: 1 | J257: 41204.604 | K257: 0737cfba-5ae8-4605-bd52-74c26ee4da9e
A258: 257 | B258: 0 | D258: 3 | E258: 7 | F258: 0 | G258: 1 | H258: 41204.603 | I258: 1 | J258: 41248.468 | K258: fdca2fd7-b29a-4969-82b0-8c235c136cf4
A259: 258 | B259: 0 | D259: 3 | E259: 7 | F259: 0 | G259: 1 | H259: 41204.603 | I259: 1 | J259: 41248.468 | K259: 2b952ed6-4c8c-4dc0-889e-2d22c8eb6afc
A260: 259 | B260: 0 | D260: 2 | E260: 11 | F260: 0 | G260: 1 | H260: 41204.612 | I260: 1 | J260: 42580.477 | K260: ae16bb6e-3d82-4e14-ab07-2018ee10d311
A261: 260 | B261: 1 | C261: 1 | D261: 3 | E261: 18 | F261: 0 | G261: 1 | H261: 41204.614 | I261: 1 | J261: 42580.473 | K261: f12d48f8-acb7-4c0c-a422-880a4358dbd9
A262: 261 | B262: 0 | D262: 2 | E262: 11 | F262: 0 | G262: 1 | H262: 41204.615 | I262: 1 | J262: 42610.586 | K262: ebde5ed8-4717-472d-9172-599af069e94d
A263: 262 | B263: 0 | D263: 4 | E263: 18 | F263: 0 | G263: 1 | H263: 41204.616 | I263: 1 | J263: 44811.166 | K263: 75d80cad-5279-4d78-9410-10001a29ae21
A264: 263 | B264: 0 | D264: 4 | E264: 18 | F264: 0 | G264: 1 | H264: 41204.616 | I264: 1 | J264: 44811.167 | K264: 8b898a9c-e7a0-4cac-906c-9264be4e5fbf
A265: 264 | B265: 0 | D265: 2 | E265: 7 | F265: 0 | G265: 1 | H265: 41204.62 | I265: 1 | J265: 41248.471 | K265: 1210db39-849c-4c3c-8d0b-2d88423ed31c
A266: 265 | B266: 0 | D266: 4 | E266: 11 | F266: 0 | G266: 1 | H266: 41204.62 | I266: 1 | J266: 41248.485 | K266: 3f14abca-beaf-4a32-92a8-693243c84e1d
A267: 266 | B267: 0 | D267: 4 | E267: 11 | F267: 0 | G267: 1 | H267: 41204.62 | I267: 1 | J267: 41248.489 | K267: b024badd-98ff-4faa-9a94-7349d9c24f45
A268: 267 | B268: 0 | D268: 4 | E268: 11 | F268: 0 | G268: 1 | H268: 41204.621 | I268: 1 | J268: 41248.491 | K268: 8dc9e6a3-dd96-48bd-ba5e-eefe9f0c7304
A269: 268 | B269: 0 | D269: 4 | E269: 11 | F269: 0 | G269: 1 | H269: 41204.621 | I269: 1 | J269: 41248.491 | K269: cdec1bdf-9684-48be-9d97-740d7afbfc97
A270: 269 | B270: 0 | D270: 4 | E270: 11 | F270: 0 | G270: 1 | H270: 41204.621 | I270: 1 | J270: 41248.492 | K270: 2e405356-c493-4070-bad1-a645116a74b9
A271: 270 | B271: 0 | D271: 3 | E271: 7 | F271: 0 | G271: 1 | H271: 41204.622 | I271: 1 | J271: 41300.442 | K271: f828cc14-c03d-450b-b81a-761cf9174bb6
A272: 271 | B272: 0 | D272: 3 | E272: 5 | F272: 0 | G272: 1 | H272: 41204.623 | I272: 1 | J272: 41300.442 | K272: 7ab8c512-709b-4bbf-b6ed-c0e4da4093f7
A273: 272 | B273: 0 | D273: 1 | E273: 7 | F273: 0 | G273: 1 | H273: 41204.623 | I273: 1 | J273: 41363.596 | K273: 0977d2a9-84a4-40dc-95b3-30d7c709cd92
... A303: 302 | B303: 0 | D303: 2 | E303: 7 | F303: 0 | G303: 1 | H303: 41757.387 | I303: 1 | J303: 41758.681 | K303: ee606815-8137-4bff-8082-72ef0f22d780
A304: 303 | B304: 0 | D304: 4 | E304: 11 | F304: 0 | G304: 1 | H304: 41757.387 | K304: 473f61ce-e8b6-4930-8c6e-80fa72d5f571
A305: 304 | B305: 0 | D305: 4 | E305: 11 | F305: 0 | G305: 1 | H305: 41757.389 | I305: 1 | J305: 41757.389 | K305: d0fc804d-658e-4c48-b89f-4c7e0e703e05
A306: 305 | B306: 0 | D306: 4 | E306: 11 | F306: 0 | G306: 1 | H306: 41757.389 | K306: 3ec6dc0b-2505-4149-b08c-460aa6e5582f
A307: 306 | B307: 0 | D307: 4 | E307: 11 | F307: 0 | G307: 1 | H307: 41757.39 | K307: 5a98af49-2758-423f-a3af-c2eca9999c2b
A308: 307 | B308: 0 | D308: 4 | E308: 11 | F308: 0 | G308: 1 | H308: 41758.685 | K308: 4c2e3b6f-7010-4a94-9756-6044a874f11c
A309: 308 | B309: 0 | D309: 4 | E309: 9 | F309: 1 | G309: 1 | H309: 41981.424 | K309: cb0f30f5-15d3-4eb4-b67e-0416cf940d88
A310: 309 | B310: 0 | D310: 4 | E310: 9 | F310: 1 | G310: 1 | H310: 41981.426 | I310: 1 | J310: 42611.028 | K310: 8e6207d7-7ddc-4a2d-bf10-2f134e69e869
A311: 310 | B311: 0 | D311: 2 | E311: 7 | F311: 0 | G311: 1 | H311: 41981.443 | K311: 4f9b9703-95bf-49a3-b3f4-a10445f64c59
A312: 311 | B312: 0 | D312: 4 | E312: 8 | F312: 1 | G312: 1 | H312: 42238.493 | I312: 1 | J312: 42238.5 | K312: 6a6be4e0-9a56-4376-a8b3-9b6a9ec2d9bf
A313: 312 | B313: 0 | D313: 2 | E313: 1 | F313: 0 | G313: 1 | H313: 42238.494 | I313: 1 | J313: 42612.678 | K313: 731bdb67-f216-477f-85c2-8af92d999121
A314: 313 | B314: 0 | D314: 4 | E314: 11 | F314: 0 | G314: 1 | H314: 42238.494 | I314: 1 | J314: 42611.511 | K314: 22c701fb-20e1-43c7-acf3-ea2faa7f7ba3
A315: 314 | B315: 0 | D315: 4 | E315: 11 | F315: 0 | G315: 1 | H315: 42238.494 | I315: 1 | J315: 42619.966 | K315: b24aeae2-6234-4e5d-95ec-97d03545a425
A316: 315 | B316: 0 | D316: 4 | E316: 11 | F316: 0 | G316: 1 | H316: 42238.495 | I316: 1 | J316: 42619.966 | K316: 2710ad98-8f02-40a7-b0d4-8d0c6668dfa9
A317: 316 | B317: 0 | D317: 3 | E317: 11 | F317: 0 | G317: 1 | H317: 42238.496 | I317: 1 | J317: 42238.939 | K317: 9ad2fd64-6ffb-4310-b1d8-0c129ae05b0f
A318: 317 | B318: 0 | D318: 2 | E318: 11 | F318: 0 | G318: 1 | H318: 42238.497 | I318: 1 | J318: 42802.404 | K318: 12235c33-e627-4636-8b85-8643fadc622e
A319: 318 | B319: 0 | D319: 2 | E319: 11 | F319: 0 | G319: 1 | H319: 42238.497 | I319: 1 | J319: 42238.939 | K319: 73ac78a7-6c49-490a-bb6e-ba94bc6d0479
A320: 319 | B320: 0 | D320: 4 | E320: 11 | F320: 0 | G320: 1 | H320: 42238.498 | K320: 6b51dc02-1c23-419e-89cd-b9fcfd8f68f2
A321: 320 | B321: 0 | D321: 4 | E321: 11 | F321: 0 | G321: 1 | H321: 42238.498 | K321: f98e7ca5-058c-4031-887f-297a660b2f7e
A322: 321 | B322: 0 | D322: 4 | E322: 11 | F322: 0 | G322: 1 | H322: 42238.498 | K322: 288d86d6-74db-4260-9700-c9cbe8f92d81
A323: 322 | B323: 0 | D323: 2 | E323: 11 | F323: 0 | G323: 1 | H323: 42238.94 | I323: 1 | J323: 43677.66 | K323: 9446085c-86ae-4e06-b571-f8a88217b472
A324: 323 | B324: 0 | D324: 4 | E324: 8 | F324: 1 | G324: 1 | H324: 42238.942 | I324: 1 | J324: 44846.655 | K324: d587d8cb-6f41-466d-9426-22c712783cd5
A325: 324 | B325: 0 | D325: 4 | E325: 11 | F325: 0 | G325: 1 | H325: 42379.571 | I325: 1 | J325: 42379.572 | K325: 453ddf04-7846-4279-a98d-1cb2c6eb5cf5
A326: 325 | B326: 0 | D326: 4 | E326: 18 | F326: 0 | G326: 1 | H326: 42529.54 | I326: 1 | J326: 42626.756 | K326: 33e55aee-a168-4082-9353-f8ca87dfe662
A327: 326 | B327: 0 | D327: 3 | E327: 7 | F327: 0 | G327: 1 | H327: 42550.564 | I327: 1 | J327: 42554.615 | K327: 5813b3be-687f-45e2-88ed-b1d1bed76caa
A328: 327 | B328: 0 | D328: 2 | E328: 7 | F328: 0 | G328: 1 | H328: 42550.565 | I328: 1 | J328: 42554.616 | K328: 290750ca-3d80-43b5-adbd-d6c12692572a
A329: 328 | B329: 0 | D329: 4 | E329: 11 | F329: 0 | G329: 1 | H329: 42550.565 | I329: 1 | J329: 42554.616 | K329: 3fa634b6-88b6-418c-b3d5-7f4bf35ef879
A330: 329 | B330: 0 | D330: 4 | E330: 11 | F330: 0 | G330: 1 | H330: 42550.565 | I330: 1 | J330: 42554.616 | K330: d412a97a-bf37-4a37-a26e-4adf9106de97
A331: 330 | B331: 0 | D331: 2 | E331: 7 | F331: 0 | G331: 1 | H331: 42550.566 | I331: 1 | J331: 43476.671 | K331: 1304ac7c-7acb-4df9-864d-fc911fc00028
A332: 331 | B332: 0 | D332: 2 | E332: 7 | F332: 0 | G332: 1 | H332: 42550.566 | I332: 1 | J332: 42627.898 | K332: 6b32c9a7-164f-4dbd-a21a-363be348784d
A333: 332 | B333: 0 | D333: 4 | E333: 11 | F333: 0 | G333: 1 | H333: 42550.567 | I333: 1 | J333: 42627.9 | K333: 67beee79-d8ef-4d97-a3e8-555bb88cd498
A334: 333 | B334: 0 | D334: 4 | E334: 11 | F334: 0 | G334: 1 | H334: 42550.567 | I334: 1 | J334: 42627.902 | K334: c54af629-5136-448d-8caa-75014923991c
... A374: 373 | B374: 0 | D374: 4 | E374: 11 | F374: 0 | G374: 1 | H374: 42552.528 | I374: 1 | J374: 42624.958 | K374: 5e8b703a-26c5-4165-9c00-4a4d33dce3f0
A375: 374 | B375: 1 | C375: 1 | D375: 2 | E375: 7 | F375: 0 | G375: 1 | H375: 42552.53 | I375: 1 | J375: 46284.958 | K375: 4ce4d85b-a5f7-4e0a-ab42-24ebb8778086
A376: 375 | B376: 0 | D376: 4 | E376: 11 | F376: 0 | G376: 1 | H376: 42552.53 | I376: 1 | J376: 42554.631 | K376: a62e1507-739e-40ad-9cd1-192b156cb969
A377: 376 | B377: 0 | D377: 4 | E377: 11 | F377: 0 | G377: 1 | H377: 42552.531 | I377: 1 | J377: 42610.584 | K377: 368b276c-908a-421d-b76d-6460ef8d48aa
A378: 377 | B378: 0 | D378: 6 | E378: 7 | F378: 0 | G378: 1 | H378: 42561.657 | I378: 1 | J378: 44811.172 | K378: 3d2e4053-26d7-4f86-b88a-93011ae1725f
A379: 378 | B379: 0 | D379: 4 | E379: 5 | F379: 0 | G379: 1 | H379: 42565.656 | I379: 1 | J379: 42565.666 | K379: 3fbe1327-bff8-488e-96a2-41fe0413b640
A380: 379 | B380: 0 | D380: 4 | E380: 5 | F380: 0 | G380: 1 | H380: 42565.656 | I380: 1 | J380: 42565.666 | K380: 9f933c9f-cad4-4ace-a17b-0a7dea847f93
A381: 380 | B381: 0 | D381: 4 | E381: 5 | F381: 0 | G381: 1 | H381: 42565.656 | I381: 1 | J381: 42565.666 | K381: fa480256-4431-40b2-90f2-a58d636907d5
A382: 381 | B382: 0 | D382: 4 | E382: 5 | F382: 0 | G382: 1 | H382: 42565.656 | I382: 1 | J382: 42565.666 | K382: b4d0092c-ed54-4956-b165-9052b9a63ac5
A383: 382 | B383: 0 | D383: 4 | E383: 5 | F383: 0 | G383: 1 | H383: 42565.657 | I383: 1 | J383: 42565.666 | K383: e1ca7479-791a-451b-a623-1387adde596d
A384: 383 | B384: 0 | D384: 4 | E384: 5 | F384: 0 | G384: 1 | H384: 42565.657 | I384: 1 | J384: 42565.665 | K384: 706b7b93-b0a9-4aaf-80a8-be5b00ae1158
A385: 384 | B385: 0 | D385: 4 | E385: 5 | F385: 0 | G385: 1 | H385: 42565.657 | I385: 1 | J385: 42565.665 | K385: d5023f98-dac0-435b-af91-4cc636bebdd0
A386: 385 | B386: 0 | D386: 4 | E386: 5 | F386: 0 | G386: 1 | H386: 42565.657 | I386: 1 | J386: 42565.665 | K386: 84a3b354-45af-4b17-a835-01f59620f4c5
A387: 386 | B387: 0 | D387: 4 | E387: 5 | F387: 0 | G387: 1 | H387: 42565.658 | I387: 1 | J387: 42565.665 | K387: 4883fe1a-e5b5-4c71-83c3-68c3bd92045b
...

Sheet concept_source
A1: concept_source_id | B1: name | C1: description | D1: hl7_code | E1: creator | F1: date_created | G1: retired | H1: retired_by | I1: date_retired | J1: retire_reason | K1: uuid
A2: 1 | B2: ETB-Tajikistan | C2: Concepts used for ETB Tajikistan created originally by Ali Habib | D2: AT101 | E2: 1 | F2: 40850.78 | G2: 0 | K2: 0c959f37-1c76-41ee-af79-2591577ffd24
A3: 2 | B3: org.openmrs.module.mdrtb | C3: The required concepts for the MDR-TB module | E3: 1 | F3: 40527.584 | G3: 0 | K3: ddb6b595-0b85-4a80-9243-efe4ba404eef
A4: 3 | B4: ZL/PIH installation in Haiti | C4: ZL/ PIH program in Haiti, Created by Ellen Ball | D4: HAITI | E4: 1 | F4: 40773.667 | G4: 0 | K4: 6f449877-943e-457a-bfa4-da3825d2266e
A5: 4 | B5: PIH | C5: Equivalent concept ID in Master Partners-in-Health Concept dictionary | E5: 1 | F5: 40393.077 | G5: 0 | K5: d03f40f6-74f9-11ee-af2b-e86a64440f18

Sheet concept_map
A1: concept_map_id | B1: source_id | C1: source | D1: source_code | E1: comment | F1: creator | G1: date_created | H1: concept_id | I1: uuid
A2: 1 | B2: 2 | C2: org.openmrs.module.mdrtb | D2: UNKNOWN | F2: 1 | G2: 40505.648 | H2: 1 | I2: 2df18867-7e29-4f02-bf71-b90ff6be761c
A3: 2 | B3: 3 | C3: ZL/PIH installation in Haiti | D3: 1067 | F3: 1 | G3: 40777.626 | H3: 1 | I3: e5680f7e-7c0f-4b68-8fbc-1ce50bbd6c9b
A4: 3 | B4: 2 | C4: org.openmrs.module.mdrtb | D4: MODERATELY POSITIVE | F4: 1 | G4: 40493.439 | H4: 2 | I4: bb9b4848-0eae-4522-89fd-494a47f9639d
A5: 4 | B5: 3 | C5: ZL/PIH installation in Haiti | D5: 1408 | F5: 1 | G5: 40777.626 | H5: 2 | I5: a008e10c-3c0f-4de6-b5d7-c1e66dc90e2d
A6: 5 | B6: 3 | C6: ZL/PIH installation in Haiti | D6: 2842 | F6: 1 | G6: 40777.626 | H6: 3 | I6: ec4582ac-26d2-4f23-9417-64c829a9e8fd
A7: 6 | B7: 2 | C7: org.openmrs.module.mdrtb | D7: MULTI-DRUG RESISTANT TUBERCULOSIS CULTURE STATUS | F7: 1 | G7: 40091.942 | H7: 4 | I7: 430d97f8-0371-102d-b0e3-001ec94a0cc1
A8: 7 | B8: 3 | C8: ZL/PIH installation in Haiti | D8: 3506 | F8: 1 | G8: 40777.626 | H8: 4 | I8: e64fa862-579b-43a2-98d4-696510dc9fae
A9: 8 | B9: 3 | C9: ZL/PIH installation in Haiti | D9: 1107 | F9: 1 | G9: 40777.626 | H9: 5 | I9: 8d2e72e7-02e6-4bb2-8573-9972263c90f6
A10: 9 | B10: 2 | C10: org.openmrs.module.mdrtb | D10: NONE | F10: 1 | G10: 40091.942 | H10: 5 | I10: 430dd060-0371-102d-b0e3-001ec94a0cc1
A11: 10 | B11: 3 | C11: ZL/PIH installation in Haiti | D11: 3503 | F11: 1 | G11: 40777.626 | H11: 6 | I11: 74d2812f-f1bd-48c2-966c-e8282a8fc3fc
A12: 11 | B12: 3 | C12: ZL/PIH installation in Haiti | D12: 3504 | F12: 1 | G12: 40777.626 | H12: 7 | I12: 3a52754e-268c-48c2-8e49-7883e00081cc
A13: 12 | B13: 3 | C13: ZL/PIH installation in Haiti | D13: 3505 | F13: 1 | G13: 40777.626 | H13: 8 | I13: 384227b4-7ff9-4e82-b4ce-90ca6fe5bea5
A14: 13 | B14: 3 | C14: ZL/PIH installation in Haiti | D14: 1664 | F14: 1 | G14: 40777.626 | H14: 9 | I14: 6f87525c-8fdb-4929-84e9-5f5226696b4a
A15: 14 | B15: 2 | C15: org.openmrs.module.mdrtb | D15: AMBULATORY | F15: 1 | G15: 40493.546 | H15: 9 | I15: faeff01e-7242-4911-a20e-3f034d33e189
A16: 15 | B16: 4 | C16: PIH | D16: NO | F16: 1 | G16: 40746.575 | H16: 10 | I16: aefacf53-8e8e-4ed0-9d32-cbd1d14c6639
A17: 16 | B17: 3 | C17: ZL/PIH installation in Haiti | D17: 1066 | F17: 1 | G17: 40777.626 | H17: 10 | I17: bdfc7c88-f40c-4fe5-8937-16780212f1b9
A18: 17 | B18: 4 | C18: PIH | D18: 1066 | F18: 1 | G18: 40505.427 | H18: 10 | I18: b20d12bc-4864-102e-96e9-000c29c2a5d7
A19: 18 | B19: 3 | C19: ZL/PIH installation in Haiti | D19: 1065 | F19: 1 | G19: 40777.626 | H19: 11 | I19: 80869756-223c-4438-8ef2-6c19cd31d65a
A20: 19 | B20: 4 | C20: PIH | D20: YES | F20: 1 | G20: 40506.535 | H20: 11 | I20: 7568887a-4943-102e-96e9-000c29c2a5d7
A21: 20 | B21: 4 | C21: PIH | D21: 1065 | F21: 1 | G21: 40505.427 | H21: 11 | I21: b20d114a-4864-102e-96e9-000c29c2a5d7
A22: 21 | B22: 3 | C22: ZL/PIH installation in Haiti | D22: 3389 | F22: 1 | G22: 40777.626 | H22: 12 | I22: f12fa15a-9edc-4115-b1b5-8208b914822b
A23: 22 | B23: 2 | C23: org.openmrs.module.mdrtb | D23: HOSPITALIZED | F23: 1 | G23: 40493.546 | H23: 12 | I23: fb9c3125-3df3-4be3-a8da-750668e082c0
A24: 23 | B24: 2 | C24: org.openmrs.module.mdrtb | D24: HOSPITALIZATION WORKFLOW | F24: 1 | G24: 40493.546 | H24: 13 | I24: 8e1bacc0-43af-458c-862b-2cd19c27c6d8
A25: 24 | B25: 3 | C25: ZL/PIH installation in Haiti | D25: 6416 | F25: 1 | G25: 40777.626 | H25: 13 | I25: aad06540-1d30-4fc4-89ea-f3ae8964ae84
A26: 25 | B26: 3 | C26: ZL/PIH installation in Haiti | D26: 1743 | F26: 1 | G26: 40777.626 | H26: 14 | I26: 158d0390-25d0-4199-bd60-78312060259b
A27: 26 | B27: 2 | C27: org.openmrs.module.mdrtb | D27: DEFAULT AFTER REGIMEN 1 | F27: 1 | G27: 40506.429 | H27: 14 | I27: 0a2a8ff2-3aeb-4c7e-980d-fb1ffc80ffcc
A28: 27 | B28: 3 | C28: ZL/PIH installation in Haiti | D28: 6420 | F28: 1 | G28: 40777.626 | H28: 15 | I28: 985a3557-bcff-43a5-9407-5d42c980bc78
A29: 28 | B29: 2 | C29: org.openmrs.module.mdrtb | D29: TRANSFER | F29: 1 | G29: 40513.683 | H29: 15 | I29: 6c11850d-1dd4-45ea-917a-7bb2eb2ff101
A30: 29 | B30: 2 | C30: org.openmrs.module.mdrtb | D30: AFTER FAILURE REGIMEN 2 | F30: 1 | G30: 40091.942 | H30: 16 | I30: 430f8a0e-0371-102d-b0e3-001ec94a0cc1
A31: 30 | B31: 3 | C31: ZL/PIH installation in Haiti | D31: 1509 | F31: 1 | G31: 40777.626 | H31: 16 | I31: a73e18b5-c4cb-474f-8fcd-b9c68c40f4a7
A32: 31 | B32: 2 | C32: org.openmrs.module.mdrtb | D32: AFTER FAILURE REGIMEN 1 | F32: 1 | G32: 40091.942 | H32: 17 | I32: 430f80e0-0371-102d-b0e3-001ec94a0cc1
A33: 32 | B33: 3 | C33: ZL/PIH installation in Haiti | D33: 1526 | F33: 1 | G33: 40777.626 | H33: 17 | I33: 80e3acf0-d867-44ee-984a-3026f62c87ba
A34: 33 | B34: 2 | C34: org.openmrs.module.mdrtb | D34: NEW | F34: 1 | G34: 40513.683 | H34: 18 | I34: fe1b50aa-314b-4202-b787-95fa9ef461e6
A35: 34 | B35: 3 | C35: ZL/PIH installation in Haiti | D35: 6419 | F35: 1 | G35: 40777.626 | H35: 18 | I35: 6281812a-e410-4478-8032-d93b1b5c84b5
A36: 35 | B36: 4 | C36: PIH | D36: 5622 | F36: 1 | G36: 40505.427 | H36: 19 | I36: b299b5b4-4864-102e-96e9-000c29c2a5d7
A37: 36 | B37: 4 | C37: PIH | D37: OTHER NON-CODED | F37: 1 | G37: 40506.535 | H37: 19 | I37: 75aa9616-4943-102e-96e9-000c29c2a5d7
A38: 37 | B38: 3 | C38: ZL/PIH installation in Haiti | D38: 5622 | F38: 1 | G38: 40777.626 | H38: 19 | I38: a653fa39-f123-454d-862b-c5b08e4c721b
A39: 38 | B39: 2 | C39: org.openmrs.module.mdrtb | D39: RELAPSE AFTER REGIMEN 1 | F39: 1 | G39: 40513.683 | H39: 20 | I39: 86c09c7d-eac8-43f9-9699-d341f8a79b6d
A40: 39 | B40: 3 | C40: ZL/PIH installation in Haiti | D40: 6349 | F40: 1 | G40: 40777.626 | H40: 20 | I40: 3e2a1aa4-f218-4abd-a254-52b78e81eb36
A41: 40 | B41: 3 | C41: ZL/PIH installation in Haiti | D41: 3521 | F41: 1 | G41: 40777.626 | H41: 21 | I41: 393ad6bb-f3cd-47ad-b959-d0bb17b176e2
A42: 41 | B42: 2 | C42: org.openmrs.module.mdrtb | D42: CATEGORY 4 TUBERCULOSIS CLASSIFICATION ACCORDING TO RESULT OF PREVIOUS TREATMENT | F42: 1 | G42: 40091.942 | H42: 21 | I42: 430c6b76-0371-102d-b0e3-001ec94a0cc1
A43: 42 | B43: 3 | C43: ZL/PIH installation in Haiti | D43: 6423 | F43: 1 | G43: 40777.626 | H43: 22 | I43: 5f034230-387c-4627-a0f8-b45885242725
A44: 43 | B44: 3 | C44: ZL/PIH installation in Haiti | D44: 1744 | F44: 1 | G44: 40777.626 | H44: 23 | I44: 060ba954-b04c-4cdd-8ee5-0975ee3741be
A45: 44 | B45: 2 | C45: org.openmrs.module.mdrtb | D45: PATIENT TRANSFERRED OUT | F45: 1 | G45: 40091.942 | H45: 23 | I45: 430e1d86-0371-102d-b0e3-001ec94a0cc1
A46: 45 | B46: 3 | C46: ZL/PIH installation in Haiti | D46: 3507 | F46: 1 | G46: 40777.626 | H46: 24 | I46: 0a301c3d-e55d-47e5-b0c9-d5731b8ff40b
A47: 46 | B47: 2 | C47: org.openmrs.module.mdrtb | D47: STILL ON TREATMENT | F47: 1 | G47: 40091.942 | H47: 24 | I47: 430f1376-0371-102d-b0e3-001ec94a0cc1
A48: 47 | B48: 3 | C48: ZL/PIH installation in Haiti | D48: 1742 | F48: 1 | G48: 40777.626 | H48: 25 | I48: 219409b7-5885-4234-948b-f52783d13b01
A49: 48 | B49: 2 | C49: org.openmrs.module.mdrtb | D49: DIED | F49: 1 | G49: 40506.429 | H49: 25 | I49: cdac1b9e-3da6-4e87-8b1d-482de7204de3
A50: 49 | B50: 3 | C50: ZL/PIH installation in Haiti | D50: 1746 | F50: 1 | G50: 40777.626 | H50: 26 | I50: bef55a35-132a-4bc7-b300-0e1fb687b553
A51: 50 | B51: 2 | C51: org.openmrs.module.mdrtb | D51: CURED | F51: 1 | G51: 40506.429 | H51: 26 | I51: 172a98e0-542e-4afc-94b6-dccf131f74a7
A52: 51 | B52: 3 | C52: ZL/PIH installation in Haiti | D52: 843 | F52: 1 | G52: 40777.626 | H52: 27 | I52: 9a9048b0-502a-4cef-8049-4c68fe06cafd
A53: 52 | B53: 2 | C53: org.openmrs.module.mdrtb | D53: FAILED | F53: 1 | G53: 40506.429 | H53: 27 | I53: ba212d3a-40fc-475c-a5b8-68aaf8b6d4fe
A54: 53 | B54: 3 | C54: ZL/PIH installation in Haiti | D54: 1714 | F54: 1 | G54: 40777.626 | H54: 28 | I54: 04386dd3-9666-47ba-a992-cc835f8c6c68
A55: 54 | B55: 2 | C55: org.openmrs.module.mdrtb | D55: TREATMENT COMPLETE | F55: 1 | G55: 40091.942 | H55: 28 | I55: 430f9350-0371-102d-b0e3-001ec94a0cc1
A56: 55 | B56: 3 | C56: ZL/PIH installation in Haiti | D56: 5240 | F56: 1 | G56: 40777.626 | H56: 29 | I56: 30fdb364-6009-4634-bb21-6180ba085e2c
A57: 56 | B57: 4 | C57: PIH | D57: LOST TO FOLLOWUP | F57: 1 | G57: 40506.535 | H57: 29 | I57: 75a7da66-4943-102e-96e9-000c29c2a5d7
A58: 57 | B58: 4 | C58: PIH | D58: 5240 | F58: 1 | G58: 40505.427 | H58: 29 | I58: b2937b0e-4864-102e-96e9-000c29c2a5d7
A59: 58 | B59: 3 | C59: ZL/PIH installation in Haiti | D59: 3508 | F59: 1 | G59: 40777.626 | H59: 30 | I59: e6374872-58d7-417b-9e44-b35d278eea56
A60: 59 | B60: 2 | C60: org.openmrs.module.mdrtb | D60: MULTI-DRUG RESISTANT TUBERCULOSIS TREATMENT OUTCOME | F60: 1 | G60: 40091.942 | H60: 30 | I60: 430dabda-0371-102d-b0e3-001ec94a0cc1
A61: 60 | B61: 4 | C61: PIH | D61: Treatment not required | F61: 1 | G61: 40770.472 | H61: 31 | I61: 909546f4-b583-4d5c-a1ea-b207875ccd0a
A62: 61 | B62: 3 | C62: ZL/PIH installation in Haiti | D62: 6427 | F62: 1 | G62: 40777.626 | H62: 31 | I62: c5e2568c-bee1-4bbc-ab1b-a45ed51a2063
A63: 62 | B63: 4 | C63: PIH | D63: 7414 | F63: 1 | G63: 40770.475 | H63: 31 | I63: 21adca2a-7afe-4a0e-ae32-fd4148a43aec
A64: 63 | B64: 3 | C64: ZL/PIH installation in Haiti | D64: 3523 | F64: 1 | G64: 40777.626 | H64: 32 | I64: 30e7f520-d8f3-41f5-a4d5-9c37cc36802c
A65: 64 | B65: 2 | C65: org.openmrs.module.mdrtb | D65: PREVIOUSLY TREATED WITH FIRST LINE DRUGS ONLY | F65: 1 | G65: 40091.942 | H65: 32 | I65: 430e3992-0371-102d-b0e3-001ec94a0cc1
A66: 65 | B66: 2 | C66: org.openmrs.module.mdrtb | D66: PREVIOUSLY TREATED WITH SECOND LINE DRUGS | F66: 1 | G66: 40091.942 | H66: 33 | I66: 430e42ca-0371-102d-b0e3-001ec94a0cc1
A67: 66 | B67: 3 | C67: ZL/PIH installation in Haiti | D67: 3522 | F67: 1 | G67: 40777.626 | H67: 33 | I67: 982d7bc6-142a-4e0d-bc0b-6bc80b365c29
A68: 67 | B68: 2 | C68: org.openmrs.module.mdrtb | D68: CATEGORY 4 TUBERCULOSIS CLASSIFICATION ACCORDING TO PREVIOUS DRUG USE | F68: 1 | G68: 40091.942 | H68: 34 | I68: 430c618a-0371-102d-b0e3-001ec94a0cc1
A69: 68 | B69: 3 | C69: ZL/PIH installation in Haiti | D69: 3524 | F69: 1 | G69: 40777.626 | H69: 34 | I69: 5f8db897-6bb1-4604-b907-c912a6eba20c
A70: 69 | B70: 3 | C70: ZL/PIH installation in Haiti | D70: 3502 | F70: 1 | G70: 40777.626 | H70: 35 | I70: eaf2fcf7-6982-463a-8453-8def01aaef4b
A71: 70 | B71: 3 | C71: ZL/PIH installation in Haiti | D71: 3500 | F71: 1 | G71: 40777.626 | H71: 36 | I71: 5cf88125-4b36-4707-aa80-ce2982cf8aa3
A72: 71 | B72: 3 | C72: ZL/PIH installation in Haiti | D72: 3501 | F72: 1 | G72: 40777.626 | H72: 37 | I72: c8a3c248-7d77-4d32-8494-409921acc698
A73: 72 | B73: 3 | C73: ZL/PIH installation in Haiti | D73: 3499 | F73: 1 | G73: 40777.626 | H73: 38 | I73: dd829229-c5c7-4587-8468-c030fd3776d6
A74: 73 | B74: 3 | C74: ZL/PIH installation in Haiti | D74: 159 | F74: 1 | G74: 40777.626 | H74: 39 | I74: 9ef2482e-c33f-41d0-9073-dcf9ea3de810
A75: 74 | B75: 2 | C75: org.openmrs.module.mdrtb | D75: TERIZIDONE | F75: 1 | G75: 40449.425 | H75: 40 | I75: b711f31a-6327-4efe-b11b-079f3ab225c1
A76: 75 | B76: 3 | C76: ZL/PIH installation in Haiti | D76: 1634 | F76: 1 | G76: 40777.626 | H76: 40 | I76: a9cb2369-8b3a-403b-ab30-a2b8135aa4e6
A77: 76 | B77: 3 | C77: ZL/PIH installation in Haiti | D77: 5829 | F77: 1 | G77: 40777.626 | H77: 41 | I77: d3b56937-6935-4075-a399-6cade28e20f1
A78: 77 | B78: 2 | C78: org.openmrs.module.mdrtb | D78: PYRAZINAMIDE | F78: 1 | G78: 40449.426 | H78: 41 | I78: eedbc39f-70c7-4aad-9b08-787c85437cf6
A79: 78 | B79: 3 | C79: ZL/PIH installation in Haiti | D79: 1415 | F79: 1 | G79: 40777.626 | H79: 42 | I79: 4daf66ed-8529-412a-a35e-cbb4e03313d4
A80: 79 | B80: 2 | C80: org.openmrs.module.mdrtb | D80: PROTHIONAMIDE | F80: 1 | G80: 40449.414 | H80: 42 | I80: 2a358db9-68ff-4b44-bab0-43285d59439d
A81: 80 | B81: 3 | C81: ZL/PIH installation in Haiti | D81: 3051 | F81: 1 | G81: 40777.626 | H81: 43 | I81: 4d36e007-6846-4b80-8e0a-9a653e55a609
A82: 81 | B82: 2 | C82: org.openmrs.module.mdrtb | D82: BACILLI | F82: 1 | G82: 40091.942 | H82: 43 | I82: 430c4e3e-0371-102d-b0e3-001ec94a0cc1
A83: 82 | B83: 3 | C83: ZL/PIH installation in Haiti | D83: 3049 | F83: 1 | G83: 40777.626 | H83: 44 | I83: 2a4ec450-0e19-4fc1-808c-85ee2d12dcb5
A84: 83 | B84: 3 | C84: ZL/PIH installation in Haiti | D84: 3050 | F84: 1 | G84: 40777.626 | H84: 45 | I84: 8770b934-1718-41ce-a93f-37eacb73da36
A85: 84 | B85: 2 | C85: org.openmrs.module.mdrtb | D85: TUBERCULOSIS SMEAR MICROSCOPY METHOD | F85: 1 | G85: 40091.942 | H85: 45 | I85: 43100f6a-0371-102d-b0e3-001ec94a0cc1
A86: 85 | B86: 3 | C86: ZL/PIH installation in Haiti | D86: 3032 | F86: 1 | G86: 40777.626 | H86: 46 | I86: 2491c1b1-54d1-4551-87e2-e217b9a6433e
A87: 86 | B87: 2 | C87: org.openmrs.module.mdrtb | D87: TUBERCULOSIS TEST START DATE | F87: 1 | G87: 40091.942 | H87: 46 | I87: 431034b8-0371-102d-b0e3-001ec94a0cc1
A88: 87 | B88: 2 | C88: org.openmrs.module.mdrtb | D88: CONTAMINATED | F88: 1 | G88: 40493.439 | H88: 47 | I88: f3882e54-1854-4464-888f-fa0606bb89b0
A89: 88 | B89: 3 | C89: ZL/PIH installation in Haiti | D89: 1407 | F89: 1 | G89: 40777.626 | H89: 47 | I89: add0efda-dde3-4ba8-b069-bf2d570a5a72
A90: 89 | B90: 2 | C90: org.openmrs.module.mdrtb | D90: POSITIVE | F90: 1 | G90: 40493.439 | H90: 48 | I90: e764661a-485e-4195-9ef8-743086a9960f
A91: 90 | B91: 3 | C91: ZL/PIH installation in Haiti | D91: 703 | F91: 1 | G91: 40777.626 | H91: 48 | I91: 2a5003de-d23c-4828-aa5e-17e9294f8bd6
A92: 91 | B92: 3 | C92: ZL/PIH installation in Haiti | D92: 6113 | F92: 1 | G92: 40777.626 | H92: 49 | I92: 8ded2776-088f-4dea-bcdb-2ad12739645a
A93: 92 | B93: 2 | C93: org.openmrs.module.mdrtb | D93: UNSATISFACTORY SAMPLE | F93: 1 | G93: 40624.691 | H93: 49 | I93: 0e4a203e-45fb-4e2c-9a98-d2e562d18bea
A94: 93 | B94: 2 | C94: org.openmrs.module.mdrtb | D94: SCANTY | F94: 1 | G94: 40091.942 | H94: 50 | I94: 430eb674-0371-102d-b0e3-001ec94a0cc1
A95: 94 | B95: 3 | C95: ZL/PIH installation in Haiti | D95: 3047 | F95: 1 | G95: 40777.626 | H95: 50 | I95: 57e1066a-f72c-440a-8dbf-874ad41c957d
A96: 95 | B96: 3 | C96: ZL/PIH installation in Haiti | D96: 1409 | F96: 1 | G96: 40777.626 | H96: 51 | I96: 60b05370-41a7-4341-b27e-91dbd234da9a
A97: 96 | B97: 2 | C97: org.openmrs.module.mdrtb | D97: STRONGLY POSITIVE | F97: 1 | G97: 40493.439 | H97: 51 | I97: 91780720-a272-4dff-8413-5ec959679c2e
A98: 97 | B98: 3 | C98: ZL/PIH installation in Haiti | D98: 1410 | F98: 1 | G98: 40777.626 | H98: 52 | I98: ff203f68-51bf-4fc2-ac52-83618f1de7fe
A99: 98 | B99: 2 | C99: org.openmrs.module.mdrtb | D99: WEAKLY POSITIVE | F99: 1 | G99: 40493.439 | H99: 52 | I99: 43230e21-27e5-4f93-95b0-e06340eb5543
A100: 99 | B100: 2 | C100: org.openmrs.module.mdrtb | D100: NEGATIVE | F100: 1 | G100: 40493.439 | H100: 53 | I100: 7b66d78b-e14c-4e63-a173-bc0e29dd50da
...

Sheet concept_name
A1: concept_id | B1: name | C1: locale | D1: type | E1: concept_uuid
A2: 1 | B2: UNKNOWN | C2: en | D2: FULLY_SPECIFIED | E2: =VLOOKUP(A2,concept!A:K, 11) -> 31b2810e-0370-102d-b0e3-001ec94a0cc1
A3: 1 | B3: Данных нет | C3: ru | D3: FULLY_SPECIFIED | E3: =VLOOKUP(A3,concept!A:K, 11) -> 31b2810e-0370-102d-b0e3-001ec94a0cc1
A4: 1 | B4: Маълумот нест | C4: tj | D4: FULLY_SPECIFIED | E4: =VLOOKUP(A4,concept!A:K, 11) -> 31b2810e-0370-102d-b0e3-001ec94a0cc1
A5: 2 | B5: ++ | C5: en | D5: SHORT | E5: =VLOOKUP(A5,concept!A:K, 11) -> 31b4a16e-0370-102d-b0e3-001ec94a0cc1
A6: 2 | B6: ++ | C6: ru | D6: SHORT | E6: =VLOOKUP(A6,concept!A:K, 11) -> 31b4a16e-0370-102d-b0e3-001ec94a0cc1
A7: 2 | B7: ++ | C7: tj | D7: SHORT | E7: =VLOOKUP(A7,concept!A:K, 11) -> 31b4a16e-0370-102d-b0e3-001ec94a0cc1
A8: 2 | B8: MODERATELY POSITIVE | C8: en | D8: FULLY_SPECIFIED | E8: =VLOOKUP(A8,concept!A:K, 11) -> 31b4a16e-0370-102d-b0e3-001ec94a0cc1
A9: 2 | B9: Умеренно положительный | C9: ru | D9: FULLY_SPECIFIED | E9: =VLOOKUP(A9,concept!A:K, 11) -> 31b4a16e-0370-102d-b0e3-001ec94a0cc1
A10: 2 | B10: Мусбати мӯътадил | C10: tj | D10: FULLY_SPECIFIED | E10: =VLOOKUP(A10,concept!A:K, 11) -> 31b4a16e-0370-102d-b0e3-001ec94a0cc1
A11: 3 | B11: MDR-TB PROGRAM | C11: en | D11: FULLY_SPECIFIED | E11: =VLOOKUP(A11,concept!A:K, 11) -> 31bd79ec-0370-102d-b0e3-001ec94a0cc1
A12: 3 | B12: Программа МЛУ-ТБ | C12: ru | D12: FULLY_SPECIFIED | E12: =VLOOKUP(A12,concept!A:K, 11) -> 31bd79ec-0370-102d-b0e3-001ec94a0cc1
A13: 3 | B13: Барномаҳои ШУС | C13: tj | D13: FULLY_SPECIFIED | E13: =VLOOKUP(A13,concept!A:K, 11) -> 31bd79ec-0370-102d-b0e3-001ec94a0cc1
... A33: 10 | B33: NO | C33: en | D33: FULLY_SPECIFIED | E33: =VLOOKUP(A33,concept!A:K, 11) -> 31b2803c-0370-102d-b0e3-001ec94a0cc1
A34: 10 | B34: FALSE | C34: en | D34: SHORT | E34: =VLOOKUP(A34,concept!A:K, 11) -> 31b2803c-0370-102d-b0e3-001ec94a0cc1
A35: 10 | B35: Нет | C35: ru | D35: SHORT | E35: =VLOOKUP(A35,concept!A:K, 11) -> 31b2803c-0370-102d-b0e3-001ec94a0cc1
A36: 10 | B36: Ложь | C36: tj | D36: SHORT | E36: =VLOOKUP(A36,concept!A:K, 11) -> 31b2803c-0370-102d-b0e3-001ec94a0cc1
A37: 10 | B37: Нет | C37: ru | D37: FULLY_SPECIFIED | E37: =VLOOKUP(A37,concept!A:K, 11) -> 31b2803c-0370-102d-b0e3-001ec94a0cc1
A38: 10 | B38: Не | C38: tj | D38: FULLY_SPECIFIED | E38: =VLOOKUP(A38,concept!A:K, 11) -> 31b2803c-0370-102d-b0e3-001ec94a0cc1
A39: 11 | B39: YES | C39: en | D39: FULLY_SPECIFIED | E39: =VLOOKUP(A39,concept!A:K, 11) -> 31b27f6a-0370-102d-b0e3-001ec94a0cc1
A40: 11 | B40: TRUE | C40: en | D40: SHORT | E40: =VLOOKUP(A40,concept!A:K, 11) -> 31b27f6a-0370-102d-b0e3-001ec94a0cc1
A41: 11 | B41: Да | C41: ru | D41: SHORT | E41: =VLOOKUP(A41,concept!A:K, 11) -> 31b27f6a-0370-102d-b0e3-001ec94a0cc1
A42: 11 | B42: Истина | C42: tj | D42: SHORT | E42: =VLOOKUP(A42,concept!A:K, 11) -> 31b27f6a-0370-102d-b0e3-001ec94a0cc1
A43: 11 | B43: Да | C43: ru | D43: FULLY_SPECIFIED | E43: =VLOOKUP(A43,concept!A:K, 11) -> 31b27f6a-0370-102d-b0e3-001ec94a0cc1
A44: 11 | B44: Ња | C44: tj | D44: FULLY_SPECIFIED | E44: =VLOOKUP(A44,concept!A:K, 11) -> 31b27f6a-0370-102d-b0e3-001ec94a0cc1
A45: 12 | B45: PATIENT HOSPITALIZED | C45: en | D45: FULLY_SPECIFIED | E45: =VLOOKUP(A45,concept!A:K, 11) -> 31c095fa-0370-102d-b0e3-001ec94a0cc1
A46: 12 | B46: Пациент госпитализирован | C46: ru | D46: FULLY_SPECIFIED | E46: =VLOOKUP(A46,concept!A:K, 11) -> 31c095fa-0370-102d-b0e3-001ec94a0cc1
A47: 12 | B47: Бемор дар беморхона бистарӣ мешавад | C47: tj | D47: FULLY_SPECIFIED | E47: =VLOOKUP(A47,concept!A:K, 11) -> 31c095fa-0370-102d-b0e3-001ec94a0cc1
A48: 13 | B48: HOSPITALIZATION | C48: en | D48: SHORT | E48: =VLOOKUP(A48,concept!A:K, 11) -> d3d3e1a7-7230-4085-af56-690977a479e5
A49: 13 | B49: ГОСПИТАЛИЗАЦИЯ | C49: ru | D49: SHORT | E49: =VLOOKUP(A49,concept!A:K, 11) -> d3d3e1a7-7230-4085-af56-690977a479e5
A50: 13 | B50: ГОСПИТАЛИЗАЦИЯ | C50: tj | D50: SHORT | E50: =VLOOKUP(A50,concept!A:K, 11) -> d3d3e1a7-7230-4085-af56-690977a479e5
A51: 13 | B51: HOSPITALIZATION WORKFLOW | C51: en | D51: FULLY_SPECIFIED | E51: =VLOOKUP(A51,concept!A:K, 11) -> d3d3e1a7-7230-4085-af56-690977a479e5
A52: 13 | B52: Статус госпитализации | C52: ru | D52: FULLY_SPECIFIED | E52: =VLOOKUP(A52,concept!A:K, 11) -> d3d3e1a7-7230-4085-af56-690977a479e5
... A2951: 843 | B2951: РУ-Сил | C2951: tj | D2951: FULLY_SPECIFIED | E2951: =VLOOKUP(A2951,concept!A:K, 11) -> 06632992-b049-40c0-a324-2cbd6b5ab23b

Sheet concept_set
A1: concept_set_id | B1: concept_id | C1: concept_set | D1: sort_weight | E1: creator | F1: date_created | G1: uuid
A2: 1 | B2: 9 | C2: 13 | D2: 1 | E2: 1 | F2: 40527.492 | G2: f9a3f96e-e0a6-4434-b611-9161d3b37014
A3: 2 | B3: 12 | C3: 13 | D3: 0 | E3: 1 | F3: 40527.492 | G3: a2546c56-a455-466c-a7ad-72e2edfb74f7
A4: 187 | B4: 324 | C4: 13 | D4: 2 | E4: 1 | F4: 42379.571 | G4: 7fa608e7-566c-4c97-9cce-1ca9e1626ea3
A5: 3 | B5: 22 | C5: 30 | D5: 6 | E5: 1 | F5: 40679.597 | G5: 2c020997-af91-411f-9512-bcd86d1dcb78
A6: 4 | B6: 23 | C6: 30 | D6: 3 | E6: 1 | F6: 40527.484 | G6: c4a1cdb2-a1fc-4718-86be-4bcffcb4ff01
A7: 5 | B7: 25 | C7: 30 | D7: 1 | E7: 1 | F7: 40527.484 | G7: 674c784f-e80e-4a3b-a656-b6ee8f6f6420
A8: 6 | B8: 26 | C8: 30 | D8: 0 | E8: 1 | F8: 40527.484 | G8: 2d3126ef-22fb-4f2a-a1b5-66ef159495e4
A9: 7 | B9: 27 | C9: 30 | D9: 4 | E9: 1 | F9: 40527.485 | G9: cf80df00-8578-41b1-b92b-68f7b435d316
A10: 8 | B10: 28 | C10: 30 | D10: 2 | E10: 1 | F10: 40527.484 | G10: f9d81340-888b-4f82-a7b0-b19be493b754
A11: 9 | B11: 29 | C11: 30 | D11: 5 | E11: 1 | F11: 40679.595 | G11: 7750cc2b-0e3b-48ca-8d0f-b8b9fc957782
A12: 10 | B12: 43 | C12: 69 | D12: 2 | E12: 1 | F12: 39889.672 | G12: 325a7454-0370-102d-b0e3-001ec94a0cc1
A13: 11 | B13: 45 | C13: 69 | D13: 5 | E13: 1 | F13: 39889.672 | G13: 325a73a0-0370-102d-b0e3-001ec94a0cc1
... A272: 271 | B272: 307 | C272: 789 | D272: 13 | E272: 1 | F272: 46149.501 | G272: c254459c-49e2-11f1-a20f-10ffe00bc20f

Sheet concept_answer
A1: concept_answer_id | B1: concept_id | C1: answer_concept | D1: date_created | E1: sort_weight | F1: uuid
A2: 1 | B2: 12 | C2: 10 | D2: 39889.672 | E2: 1 | F2: 31ea73f2-0370-102d-b0e3-001ec94a0cc1
A3: 2 | B3: 12 | C3: 11 | D3: 39889.672 | E3: 1 | F3: 31ea74a6-0370-102d-b0e3-001ec94a0cc1
A4: 291 | B4: 21 | C4: 14 | D4: 42379.751 | E4: 1 | F4: 76d8c72a-ede8-47ef-8fcc-6cce6ebf8d8e
A5: 4 | B5: 21 | C5: 15 | D5: 40527.482 | E5: 1 | F5: 7b04eb2f-8983-415a-a2b1-1adab4ee6515
A6: 5 | B6: 21 | C6: 16 | D6: 39889.672 | E6: 1 | F6: 31e7de76-0370-102d-b0e3-001ec94a0cc1
A7: 6 | B7: 21 | C7: 17 | D7: 39889.672 | E7: 1 | F7: 31e7dbba-0370-102d-b0e3-001ec94a0cc1
A8: 7 | B8: 21 | C8: 18 | D8: 40527.482 | E8: 1 | F8: 7a60b6f6-f9d6-4250-8622-3ddbd7bbe21f
A9: 8 | B9: 21 | C9: 19 | D9: 40527.482 | E9: 1 | F9: f9140065-297a-46d7-8689-481c5fe3a321
A10: 9 | B10: 21 | C10: 20 | D10: 40527.482 | E10: 1 | F10: e07dee1c-25d2-44d0-a4b7-86183dfa48c9
A11: 466 | B11: 21 | C11: 430 | D11: 42580.478 | E11: 1 | F11: 11276ec7-c382-49fd-ae62-d77c92786ef1
A12: 467 | B12: 21 | C12: 431 | D12: 42580.478 | E12: 1 | F12: 62419e53-d8d7-44f1-8410-c83377cb1e26
A13: 474 | B13: 30 | C13: 22 | D13: 42580.48 | E13: 1 | F13: e988cc53-a8db-4fe0-9d9d-9952f0b6cd8d
... A912: 944 | B912: 435 | C912: 843 | D912: 46310.994 | E912: 1 | F912: 46fcad82-3259-48e3-8de8-a1a4de46276f
